{  
  "LOW DEMAND": [[34.2752505,-116.9518837],
[34.2651786,-116.9491372],
[34.2591054,-116.9126928],
[34.2606883,-116.8990808],
[34.2632591,-116.8673585],
[34.2563843,-116.8661739],
[34.2503216,-116.8662686],
[34.2452522,-116.8587942],
[34.2414741,-116.8404475],
[34.2352907,-116.8368138],
[34.2307071,-116.8348778],
[34.2298518,-116.8049663],
[34.2398509,-116.7845839],
[34.2652683,-116.7674513],
[34.2857469,-116.7857158],
[34.2945734,-116.8118778],
[34.2733227,-116.8521111],
[34.2733358,-116.9353181],
[34.2752505,-116.9518837]],

"MEDIUM DEMAND":[[34.2399252,-116.9403207],
[34.2427485,-116.944219],
[34.2435724,-116.9446975],
[34.2452611,-116.9454555],
[34.2443325,-116.9491167],
[34.2412931,-116.9518766],
[34.2372026,-116.9521424],
[34.2360324,-116.9503636],
[34.2352878,-116.9478124],
[34.2351383,-116.9376565],
[34.2360328,-116.9203248],
[34.2363841,-116.9186062],
[34.2368823,-116.9223763],
[34.2382994,-116.9223679],
[34.240694,-116.9197106],
[34.2462173,-116.9271402],
[34.2399252,-116.9403207]],

"MEDIUM DEMAND ": [[34.2346491,-116.9151964],
[34.2332874,-116.9134243],
[34.2361474,-116.9051505],
[34.2397416,-116.8999613],
[34.2452163,-116.8960288],
[34.2436911,-116.8883287],
[34.2434777,-116.8843468],
[34.2413808,-116.877038],
[34.2358862,-116.8744583],
[34.2329677,-116.8587146],
[34.2259627,-116.8557593],
[34.2244931,-116.8558083],
[34.2232006,-116.8389061],
[34.2307071,-116.8348778],
[34.2352907,-116.8368138],
[34.2414741,-116.8404475],
[34.2430577,-116.8483902],
[34.2438953,-116.8527154],
[34.2452522,-116.8587942],
[34.2513302,-116.8679239],
[34.2515988,-116.8756658],
[34.2516734,-116.8798571],
[34.2524094,-116.8838482],
[34.2522231,-116.8882685],
[34.2516112,-116.8889981],
[34.2503164,-116.8894595],
[34.2475228,-116.8910635],
[34.2464319,-116.8978176],
[34.2429529,-116.8980789],
[34.2427421,-116.9005008],
[34.241532,-116.9065905],
[34.2379484,-116.9064941],
[34.2388326,-116.9125272],
[34.2368276,-116.9154645],
[34.2363841,-116.9186062],
[34.2346491,-116.9151964]],

  "PRIME-SKI RESORT":[[34.2452163,-116.8960288],
[34.2397416,-116.8999613],
[34.2361474,-116.9051505],
[34.2337588,-116.8724896],
[34.224249,-116.8559143],
[34.2257023,-116.8557223],
[34.2329677,-116.8587146],
[34.2344181,-116.8664339],
[34.2358862,-116.8744583],
[34.2407461,-116.8767078],
[34.2413808,-116.877038],
[34.2422539,-116.8798835],
[34.2434777,-116.8843468],
[34.2435666,-116.8876535],
[34.2441165,-116.8904452],
[34.2452163,-116.8960288]],

  "PRIME AREA": [[34.2618627,-116.8676254],
[34.2610653,-116.8755015],
[34.2556552,-116.8897708],
[34.2542185,-116.8931452],
[34.2575706,-116.8960904],
[34.2566305,-116.8978634],
[34.2537838,-116.9054447],
[34.2491411,-116.9035746],
[34.2467422,-116.910665],
[34.2437913,-116.9181495],
[34.2452315,-116.9216692],
[34.2470334,-116.9212404],
[34.245425,-116.923524],
[34.2477812,-116.9254006],
[34.2506619,-116.9276051],
[34.2506406,-116.9292925],
[34.2514706,-116.9311515],
[34.2487442,-116.9334311],
[34.251392,-116.9360247],
[34.2524856,-116.9384581],
[34.2524085,-116.9407628],
[34.2508269,-116.9425107],
[34.2491138,-116.9413461],
[34.2484346,-116.942738],
[34.2483433,-116.9435626],
[34.2483229,-116.9458465],
[34.248636,-116.949385],
[34.2408422,-116.9686892],
[34.2380257,-116.9605619],
[34.2372026,-116.9521424],
[34.2413108,-116.9519195],
[34.2443502,-116.9491596],
[34.2455981,-116.9453268],
[34.2427485,-116.944219],
[34.2409986,-116.9418667],
[34.2426201,-116.941352],
[34.2434487,-116.9428327],
[34.2450931,-116.9431977],
[34.2463995,-116.942576],
[34.2491542,-116.9404316],
[34.2484909,-116.9384603],
[34.2444251,-116.9346134],
[34.2438934,-116.9320356],
[34.2462173,-116.9271402],
[34.2450774,-116.9255735],
[34.2433469,-116.9232321],
[34.240694,-116.9197106],
[34.2382994,-116.9223679],
[34.2368806,-116.9222466],
[34.2363841,-116.9186062],
[34.2368276,-116.9154645],
[34.2388326,-116.9125272],
[34.2379484,-116.9064941],
[34.241532,-116.9065905],
[34.2425256,-116.9021374],
[34.242739,-116.9007846],
[34.2429529,-116.8980789],
[34.2464319,-116.8978176],
[34.2475228,-116.8910635],
[34.2489906,-116.8903259],
[34.2503164,-116.8894595],
[34.2516112,-116.8889981],
[34.2522231,-116.8882685],
[34.2524094,-116.8838482],
[34.2516734,-116.8798571],
[34.2516247,-116.8729692],
[34.2513986,-116.8681841],
[34.2502151,-116.8662901],
[34.2519065,-116.8666145],
[34.253988,-116.8665954],
[34.2574465,-116.8662737],
[34.2593886,-116.8669711],
[34.2614592,-116.8673627],
[34.2618627,-116.8676254]]
}